{
  "experiment": "A: Remove seller history features",
  "hypothesis": "Seller history self-referencing inflates train PR-AUC",
  "features_removed": [
    "seller_order_count",
    "seller_avg_review",
    "seller_historical_late_pct",
    "seller_avg_delivery_days",
    "seller_avg_freight",
    "seller_avg_price"
  ],
  "baseline": {
    "train": {
      "pr_auc": 0.3795704959485539,
      "roc_auc": 0.8300365851222087,
      "f1": 0.36649553300723614,
      "precision": 0.24565111364005854,
      "recall": 0.7213558243157224,
      "recall_at_50_precision": 0.2608211330362826,
      "threshold": 0.1,
      "confusion_matrix": {
        "tp": 4533,
        "fp": 13920,
        "fn": 1751,
        "tn": 51171
      }
    },
    "val": {
      "pr_auc": 0.14108594415357978,
      "roc_auc": 0.7524172434694936,
      "f1": 0.19464033850493653,
      "precision": 0.17829457364341086,
      "recall": 0.21428571428571427,
      "recall_at_50_precision": 0.0015527950310559005,
      "threshold": 0.1,
      "confusion_matrix": {
        "tp": 138,
        "fp": 636,
        "fn": 506,
        "tn": 11691
      }
    },
    "test": {
      "pr_auc": 0.13075038528770272,
      "roc_auc": 0.7069927450552438,
      "f1": 0.1967520299812617,
      "precision": 0.1390728476821192,
      "recall": 0.33617929562433296,
      "recall_at_50_precision": 0.0,
      "threshold": 0.1,
      "confusion_matrix": {
        "tp": 315,
        "fp": 1950,
        "fn": 622,
        "tn": 9766
      }
    },
    "threshold": 0.1,
    "best_iteration": 687,
    "overfit_ratio": 2.69
  },
  "ablated": {
    "train": {
      "pr_auc": 0.3795704959485539,
      "roc_auc": 0.8300365851222087,
      "f1": 0.36649553300723614,
      "precision": 0.24565111364005854,
      "recall": 0.7213558243157224,
      "recall_at_50_precision": 0.2608211330362826,
      "threshold": 0.1,
      "confusion_matrix": {
        "tp": 4533,
        "fp": 13920,
        "fn": 1751,
        "tn": 51171
      }
    },
    "val": {
      "pr_auc": 0.14108594415357978,
      "roc_auc": 0.7524172434694936,
      "f1": 0.19464033850493653,
      "precision": 0.17829457364341086,
      "recall": 0.21428571428571427,
      "recall_at_50_precision": 0.0015527950310559005,
      "threshold": 0.1,
      "confusion_matrix": {
        "tp": 138,
        "fp": 636,
        "fn": 506,
        "tn": 11691
      }
    },
    "test": {
      "pr_auc": 0.13075038528770272,
      "roc_auc": 0.7069927450552438,
      "f1": 0.1967520299812617,
      "precision": 0.1390728476821192,
      "recall": 0.33617929562433296,
      "recall_at_50_precision": 0.0,
      "threshold": 0.1,
      "confusion_matrix": {
        "tp": 315,
        "fp": 1950,
        "fn": 622,
        "tn": 9766
      }
    },
    "threshold": 0.1,
    "best_iteration": 687,
    "overfit_ratio": 2.69
  },
  "train_prauc_drop": 0.0,
  "val_prauc_drop": 0.0,
  "test_prauc_drop": 0.0,
  "conclusion": "UNLIKELY: removal had negligible impact \u2014 features are mostly noise"
}