{
  "experiment": "E: Drop purchase_month",
  "hypothesis": "purchase_month creates temporal data leak \u2014 model memorises month-specific patterns",
  "baseline": {
    "train": {
      "pr_auc": 0.3795704959485539,
      "roc_auc": 0.8300365851222087,
      "f1": 0.36649553300723614,
      "precision": 0.24565111364005854,
      "recall": 0.7213558243157224,
      "recall_at_50_precision": 0.2608211330362826,
      "threshold": 0.1,
      "confusion_matrix": {
        "tp": 4533,
        "fp": 13920,
        "fn": 1751,
        "tn": 51171
      }
    },
    "val": {
      "pr_auc": 0.14108594415357978,
      "roc_auc": 0.7524172434694936,
      "f1": 0.19464033850493653,
      "precision": 0.17829457364341086,
      "recall": 0.21428571428571427,
      "recall_at_50_precision": 0.0015527950310559005,
      "threshold": 0.1,
      "confusion_matrix": {
        "tp": 138,
        "fp": 636,
        "fn": 506,
        "tn": 11691
      }
    },
    "test": {
      "pr_auc": 0.13075038528770272,
      "roc_auc": 0.7069927450552438,
      "f1": 0.1967520299812617,
      "precision": 0.1390728476821192,
      "recall": 0.33617929562433296,
      "recall_at_50_precision": 0.0,
      "threshold": 0.1,
      "confusion_matrix": {
        "tp": 315,
        "fp": 1950,
        "fn": 622,
        "tn": 9766
      }
    },
    "threshold": 0.1,
    "best_iteration": 687,
    "overfit_ratio": 2.69
  },
  "ablated": {
    "train": {
      "pr_auc": 0.32398966389690037,
      "roc_auc": 0.7972972319485228,
      "f1": 0.33929974679123376,
      "precision": 0.3758947572064229,
      "recall": 0.30919796308084024,
      "recall_at_50_precision": 0.16056651814131126,
      "threshold": 0.21,
      "confusion_matrix": {
        "tp": 1943,
        "fp": 3226,
        "fn": 4341,
        "tn": 61865
      }
    },
    "val": {
      "pr_auc": 0.16896734520216247,
      "roc_auc": 0.7645275205112042,
      "f1": 0.24527071102413567,
      "precision": 0.21147356580427445,
      "recall": 0.2919254658385093,
      "recall_at_50_precision": 0.013975155279503106,
      "threshold": 0.21,
      "confusion_matrix": {
        "tp": 188,
        "fp": 701,
        "fn": 456,
        "tn": 11626
      }
    },
    "test": {
      "pr_auc": 0.0882979468261301,
      "roc_auc": 0.5535490784569569,
      "f1": 0.10802469135802469,
      "precision": 0.07598784194528875,
      "recall": 0.18676627534685167,
      "recall_at_50_precision": 0.0,
      "threshold": 0.21,
      "confusion_matrix": {
        "tp": 175,
        "fp": 2128,
        "fn": 762,
        "tn": 9588
      }
    },
    "threshold": 0.21,
    "best_iteration": 827,
    "overfit_ratio": 1.92
  },
  "val_prauc_change": 0.0279,
  "test_prauc_change": -0.0425,
  "val_rocauc_change": 0.0121,
  "test_rocauc_change": -0.1534,
  "conclusion": "KEEP: dropping it hurts test PR-AUC by -0.0425"
}