{
  "experiment_name": "logistic_regression_v2",
  "timestamp": "20260222_180945",
  "parameters": {
    "max_iter": 1000,
    "encoding": "OneHotEncoder",
    "optimal_threshold": 0.68
  },
  "metrics": {
    "train": {
      "pr_auc": 0.21053089207393838,
      "roc_auc": 0.7157438614974926,
      "f1": 0.2736990154711674,
      "precision": 0.2452116935483871,
      "recall": 0.30967536600891155,
      "recall_at_50_precision": 0.00015913430935709738,
      "threshold": 0.68,
      "confusion_matrix": {
        "tp": 1946,
        "fp": 5990,
        "fn": 4338,
        "tn": 59101
      }
    },
    "validation": {
      "pr_auc": 0.1526260857178959,
      "roc_auc": 0.7679361871405848,
      "f1": 0.24034801522566612,
      "precision": 0.18493723849372384,
      "recall": 0.34316770186335405,
      "recall_at_50_precision": 0.0,
      "threshold": 0.68,
      "confusion_matrix": {
        "tp": 221,
        "fp": 974,
        "fn": 423,
        "tn": 11353
      }
    },
    "test": {
      "pr_auc": 0.11768884576844532,
      "roc_auc": 0.640809273765856,
      "f1": 0.15073427542255471,
      "precision": 0.10179640718562874,
      "recall": 0.2902881536819637,
      "recall_at_50_precision": 0.004268943436499467,
      "threshold": 0.68,
      "confusion_matrix": {
        "tp": 272,
        "fp": 2400,
        "fn": 665,
        "tn": 9316
      }
    }
  },
  "feature_importance_top20": null,
  "notes": "AUDIT FIX v2: OneHotEncoder replaces LabelEncoder."
}