{
  "experiment_name": "lightgbm_v2",
  "timestamp": "20260222_180944",
  "parameters": {
    "colsample_bytree": 0.7,
    "learning_rate": 0.01,
    "max_depth": 5,
    "min_child_samples": 50,
    "n_estimators": 2000,
    "num_leaves": 31,
    "reg_alpha": 0.5,
    "reg_lambda": 2.0,
    "subsample": 0.7,
    "best_iteration": 687,
    "optimal_threshold": 0.1
  },
  "metrics": {
    "train": {
      "pr_auc": 0.3795704959485539,
      "roc_auc": 0.8300365851222087,
      "f1": 0.36649553300723614,
      "precision": 0.24565111364005854,
      "recall": 0.7213558243157224,
      "recall_at_50_precision": 0.2608211330362826,
      "threshold": 0.1,
      "confusion_matrix": {
        "tp": 4533,
        "fp": 13920,
        "fn": 1751,
        "tn": 51171
      }
    },
    "validation": {
      "pr_auc": 0.14108594415357978,
      "roc_auc": 0.7524172434694936,
      "f1": 0.19464033850493653,
      "precision": 0.17829457364341086,
      "recall": 0.21428571428571427,
      "recall_at_50_precision": 0.0015527950310559005,
      "threshold": 0.1,
      "confusion_matrix": {
        "tp": 138,
        "fp": 636,
        "fn": 506,
        "tn": 11691
      }
    },
    "test": {
      "pr_auc": 0.13075038528770272,
      "roc_auc": 0.7069927450552438,
      "f1": 0.1967520299812617,
      "precision": 0.1390728476821192,
      "recall": 0.33617929562433296,
      "recall_at_50_precision": 0.0,
      "threshold": 0.1,
      "confusion_matrix": {
        "tp": 315,
        "fp": 1950,
        "fn": 622,
        "tn": 9766
      }
    }
  },
  "feature_importance_top20": {
    "estimated_delivery_days": 2497,
    "product_category_name_english": 2373,
    "customer_state": 1796,
    "purchase_month": 1674,
    "total_freight": 1236,
    "product_description_lenght": 818,
    "seller_state": 705,
    "product_volume_cm3": 694,
    "product_weight_g": 583,
    "product_width_cm": 576,
    "product_length_cm": 575,
    "freight_price_ratio": 575,
    "avg_price": 521,
    "product_name_lenght": 504,
    "product_height_cm": 495,
    "purchase_hour": 351,
    "total_payment": 344,
    "is_same_state": 297,
    "total_price": 280,
    "max_price": 267
  },
  "notes": "AUDIT FIX v2: regularised (depth 5, 31 leaves), dynamic param logging."
}